<?xml version="1.0" encoding="UTF-8" standalone="yes"?>
<addon id="plugin.video.superflix" name="SuperFlix" version="1.0.0" provider-name="AddonReneSilva">
  <requires>
    <import addon="xbmc.python" version="3.0.0"/>
    <import addon="script.module.urlresolver" version="1.0.0"/>
    <import addon="script.module.beautifulsoup4" version="4.3.2"/>
    <import addon="script.module.requests" version="2.9.1"/>
    <import addon="inputstream.hls" />
  </requires>
    
  <extension point="xbmc.python.pluginsource" library="addon.py">
        <provides>video</provides>
  </extension>
    
  <extension point="xbmc.addon.metadata">
        <language>en</language>
        <platform>all</platform>
        <summary lang="en">SuperFlix</summary>
        <description lang="en">
            No addon SuperFlix você assiste filmes separados por categorias, lançamentos,filmes HD, etc. 
            Você também pode ver as informações ou assistir ao trailer do filme no submenu do addon (Botão direito do mouse ou tecla "C").
        </description>
    <assets>
      <icon>resources/icon.png</icon>
      <fanart>resources/fanart.jpg</fanart>
    </assets>
  </extension>
</addon>
